{
  "none": {
    "miou": 0.7063601098338061,
    "iou_cls_0": 0.9786698534139069,
    "iou_cls_1": 0.4340503662537054
  },
  "gaussian_noise": {
    "miou": 0.7063601098338061,
    "iou_cls_0": 0.9786698534139069,
    "iou_cls_1": 0.4340503662537054
  },
  "salt_pepper": {
    "miou": 0.7063601098338061,
    "iou_cls_0": 0.9786698534139069,
    "iou_cls_1": 0.4340503662537054
  },
  "brightness_down": {
    "miou": 0.7063601098338061,
    "iou_cls_0": 0.9786698534139069,
    "iou_cls_1": 0.4340503662537054
  },
  "brightness_up": {
    "miou": 0.7063601098338061,
    "iou_cls_0": 0.9786698534139069,
    "iou_cls_1": 0.4340503662537054
  },
  "contrast_low": {
    "miou": 0.7063601098338061,
    "iou_cls_0": 0.9786698534139069,
    "iou_cls_1": 0.4340503662537054
  },
  "contrast_high": {
    "miou": 0.7063601098338061,
    "iou_cls_0": 0.9786698534139069,
    "iou_cls_1": 0.4340503662537054
  },
  "blur": {
    "miou": 0.7063601098338061,
    "iou_cls_0": 0.9786698534139069,
    "iou_cls_1": 0.4340503662537054
  },
  "fog": {
    "miou": 0.7063601098338061,
    "iou_cls_0": 0.9786698534139069,
    "iou_cls_1": 0.4340503662537054
  },
  "rain": {
    "miou": 0.7063601098338061,
    "iou_cls_0": 0.9786698534139069,
    "iou_cls_1": 0.4340503662537054
  },
  "jpeg": {
    "miou": 0.7063601098338061,
    "iou_cls_0": 0.9786698534139069,
    "iou_cls_1": 0.4340503662537054
  }
}